source,scan,peptide,modifiedSequence,percolatorScore,qValue,spectralAngle,engineScore,charge,proteins
PR487_Michele_20180611_B07_rep1,4189,APGIRDHESL,APGIRDHESL,1.5927252336195243,0.00177304964539,0.9394830069136548,206.38,2,ENSP00000357192.5|ENST00000368209.9|ENSG00000143321.19|OTTHUMG00000041295.2|OTTHUMT00000098947.1|HDGF-203|HDGF|233;ENSP00000349878.5|ENST00000357325.10|ENSG00000143321.19|OTTHUMG00000041295.2|OTTHUMT00000098946.2|HDGF-201|HDGF|240;ENSP00000357189.5|ENST00000368206.5|ENSG00000143321.19|OTTHUMG00000041295.2|OTTHUMT00000098948.1|HDGF-202|HDGF|256
PR487_Michele_20180611_B07_rep1,11889,MPDGQFKDISL,M[+16.0]PDGQFKDISL,1.5016082794450445,0.00177304964539,0.9301943400952056,136.52,2,ENSP00000407034.1|ENST00000447184.5|ENSG00000117450.14|OTTHUMG00000007738.7|OTTHUMT00000020846.6|PRDX1-205|PRDX1|171;ENSP00000389047.1|ENST00000424390.1|ENSG00000117450.14|OTTHUMG00000007738.7|OTTHUMT00000020848.1|PRDX1-204|PRDX1|171;ENSP00000361152.5|ENST00000319248.13|ENSG00000117450.14|OTTHUMG00000007738.7|OTTHUMT00000020845.2|PRDX1-202|PRDX1|199;ENSP00000262746.1|ENST00000262746.5|ENSG00000117450.14|OTTHUMG00000007738.7|-|PRDX1-201|PRDX1|199
PR487_Michele_20180611_B07_rep1,5089,VLYHYVAVNNPKKQE,VLYHYVAVNNPKKQE,1.4553475631069082,0.00177304964539,0.8306720940846629,146.0,4,ENSP00000457935.1|ENST00000456793.2|ENSG00000228474.6|OTTHUMG00000151990.5|OTTHUMT00000324704.3|OST4-203|OST4|37;ENSP00000455716.1|ENST00000429985.1|ENSG00000228474.6|OTTHUMG00000151990.5|OTTHUMT00000324706.2|OST4-201|OST4|37
